channel_id,channel_name,country,subscribers,view_count,video_count,collected_date,day,avg_views_per_video,engagement_rate,log_subscribers,log_views,log_videos,channel_heat_index,cluster
UClEGQZlQURxTiMdwBPqiKDQ,Français avec Nelly,FR,641000,33524915,100,2026-01-09T04:32:23.557527,Day 1,335249.15,52.30087784574439,13.370786295963992,17.327799481536037,4.61512051684126,0.3398010752239485,1
UCrGR1w7FATM8OiK_EzN3GAw,Bluey - Français Chaîne Officielle,FR,897000,508083247,100,2026-01-09T04:32:25.037774,Day 1,5080832.47,566.4243930608773,13.706812255867513,20.046155866132626,4.61512051684126,0.37625284489076094,1
UCNsHkzVxGJVCgdG9Ej3zvfQ,Roronoa Zoro - Blox Fruits Francais - Roblox FR,FR,21900,2289412,100,2026-01-09T04:32:27.292914,Day 1,22894.12,104.53458746175974,9.994287576862567,14.643806010794062,4.61512051684126,0.2531489081280089,1
UC1Sbx1M6ST-K2mRBv1xi02A,Le Foot Français,FR,376000,19916622,100,2026-01-09T04:32:31.179614,Day 1,199166.22,52.96959848511041,12.837347081942964,16.807065267636762,4.61512051684126,0.3256101932992833,1
UC4P23XV4BwYtE_Nyx782bQg,Les Schtroumpfs • Français,FR,220000,110370448,100,2026-01-09T04:32:33.160021,Day 1,1103704.48,501.68157417466284,12.301387370778713,18.519352983875248,4.61512051684126,0.3193439668369615,1
UCevXuAtHraEpAmEAS8GLxHg,Joyce Meyer Ministries Français,FR,414000,73398281,100,2026-01-09T04:32:36.063862,Day 1,733982.81,177.29010557945512,12.933623668263472,18.11141108731627,4.61512051684126,0.3315610469513962,1
UCnBeLfZjpTHU4K8_yMC1qLg,Un Français à Montréal 🇨🇦,FR,505,36998,53,2026-01-09T04:32:39.161380,Day 1,698.0754716981132,73.11857707509881,6.226536669287466,10.518646164234097,3.9889840465642745,0.15768663882873593,0
UCqyVU2lxTJCd--6ifljCDUQ,French vlogger Zhorna,FR,47,26761,55,2026-01-09T04:32:40.905048,Day 1,486.56363636363636,557.5208333333334,3.871201010907891,10.194738249864933,4.02535169073515,0.10087307618563238,0
UCNkh2uTC8B-1mrSs7LhSkWA,POV VLOGGER ,FR,19,20760,98,2026-01-09T04:32:44.585847,Day 1,211.83673469387756,1038.0,2.995732273553991,9.940831505676549,4.59511985013459,0.08141790655785765,0
UCMgz-aEmkT8zCvDU9z2mM1w,Un Français à l'EPFL,FR,1260,149832,100,2026-01-09T04:32:46.641903,Day 1,1498.32,118.81998413957177,7.13966033596492,11.917276619529122,4.61512051684126,0.1810087793088194,0
UC3rqI7xVHL-TbaZNh1_A_Qg,Not Even French,FR,179000,23414881,100,2026-01-09T04:32:50.328472,Day 1,234148.81,130.80866028681405,12.095146671399466,16.96888236108249,4.61512051684126,0.30747880017157425,1
UCayUEwpbi4htAzpTIKQLi6w,Legends Of Gaming France,FR,80600,6403349,91,2026-01-09T04:32:53.138371,Day 1,70366.47252747252,79.44503169935857,11.297266335365645,15.672331848884278,4.5217885770490405,0.2861736413080664,1
UCkX8QzvOOcegQ8qmUCVwPzA,Warner Bros. Games France,FR,25900,27568805,100,2026-01-09T04:32:54.733794,Day 1,275688.05,1064.3915292845836,10.16203685698089,17.132195474118745,4.61512051684126,0.2640381224238286,1
UCH3ylKukbQZCk8pN3XALyhQ,Women in Games France,FR,1100,77590,100,2026-01-09T04:32:57.595680,Day 1,775.9,70.47229791099001,7.00397413672268,11.25920672006374,4.61512051684126,0.17730994978606662,0
UCX7Mo1cDgCpMIMvn7HDrBLw,Instant Gaming France,FR,371000,5781846,100,2026-01-09T04:33:00.362544,Day 1,57818.46,15.584448559437845,12.82396003700373,15.570233739776288,4.61512051684126,0.32431694010055906,1
UC9PD3EIAA-vtGLZgYXG3q0A,Frostbite Gaming,FR,5430000,3778679874,100,2026-01-09T04:33:03.332896,Day 1,37786798.74,695.8893514015928,15.507449876072164,22.05264054616163,4.61512051684126,0.5955603876135892,3
UCpRgaSuBP0czOS3sFCPzEmg,France-Tech,FR,38,32040,50,2026-01-09T04:33:12.753971,Day 1,640.8,821.5384615384615,3.6635616461296463,10.37477161168151,3.9318256327243257,0.09709072083916165,0
UCd_fU48Mj9t9Yr05miA060Q,Share it - Tech for good France,FR,88,13579,54,2026-01-09T04:33:14.285430,Day 1,251.46296296296296,152.57303370786516,4.48863636973214,9.516353401112687,4.007333185232471,0.11422595536798875,0
UCaihFxAkHHYL0X4uhb1iiNQ,Business France,FR,4000,62287,100,2026-01-09T04:33:19.721170,Day 1,622.87,15.567858035491128,8.294299608857235,11.039524069850238,4.61512051684126,0.20959793350791436,0
UCSsPvof7YtzEfy3Ki-ulCbA,Business France North America,FR,181,6577,47,2026-01-09T04:33:21.868839,Day 1,139.93617021276594,36.137362637362635,5.204006687076795,8.791486026749002,3.871201010907891,0.13165052646413017,0
UCgLetfob6ZQz9Jd6icywG1A,Business France UK & Ireland,FR,78,9075,88,2026-01-09T04:33:24.630205,Day 1,103.125,114.87341772151899,4.3694478524670215,9.113388845899733,4.48863636973214,0.11100583482100447,0
UCj0BReTWPaVY0meNbXrBXmw,Dimz - French entrepreneuriat,FR,53,1408,23,2026-01-09T04:34:14.984133,Day 2,61.21739130434783,26.074074074074073,3.9889840465642745,7.25063551189868,3.1780538303479458,0.10090373959566497,0
UCwFkpK4PpAtreejYWahejKA,Startup Bootcamp France,FR,562,63920,27,2026-01-09T04:34:17.546906,Day 2,2367.4074074074074,113.53463587921847,6.333279628139691,11.065403224873476,3.332204510175204,0.1606154821326577,0
UCCTxJ_rGO2LNTP3XEBuFC1A,Village by CA Centre France,FR,59,3994,57,2026-01-09T04:34:23.333207,Day 2,70.0701754385965,66.56666666666666,4.0943445622221,8.292798858200374,4.060443010546419,0.10378929834545667,0
UCMPL47eGiw4I5Jqbqgd6ixw,Startup Leadership Program France,FR,89,3824,23,2026-01-09T04:34:25.559725,Day 2,166.2608695652174,42.48888888888889,4.499809670330265,8.249313746260636,3.1780538303479458,0.11389828451622233,0
UCdlT9tqlgOvrRTlcRlvqEiA,France Assos Santé ILE-DE-FRANCE,FR,78,4936,21,2026-01-09T04:34:28.159776,Day 2,235.04761904761904,62.48101265822785,4.3694478524670215,8.504513138258863,3.091042453358316,0.11071647722040326,0
UC9mz51-cc32wEfpBeFj1ikQ,Premiers Secours en Santé Mentale - France,FR,2440,90307,52,2026-01-09T04:34:30.878293,Day 2,1736.673076923077,36.995903318312166,7.80016307039296,11.410981329057863,3.970291913552122,0.1972409012494931,0
UCQd1fSwdH9xMO_LoRZRtZNw,ASTEN SANTE,FR,1220,96211,39,2026-01-09T04:34:34.159201,Day 2,2466.948717948718,78.7968877968878,7.107425474110705,11.474309368999135,3.6888794541139363,0.17997809846962057,0
UCupOddwfbDFHFTQAlviK5_w,Santé Optimale France,FR,3,585,21,2026-01-09T04:34:35.606532,Day 2,27.857142857142858,146.25,1.3862943611198906,6.373319789577012,3.091042453358316,0.03582668605930745,0
UCDKPSn9XqisCT5Ong_iyKvQ,Association Santé Environnement France - ASEF,FR,180,43483,100,2026-01-09T04:34:37.226566,Day 2,434.83,240.23756906077347,5.198497031265826,10.68014833332389,4.61512051684126,0.13264286059671834,0
UCGAR1p-zHqYAKo2Y1EtMnrg,Santé publique France,FR,34800,60749920,100,2026-01-09T04:34:38.988382,Day 2,607499.2,1745.6371943334962,10.457401400981889,17.922276339772562,4.61512051684126,0.27702658620693965,1
UCBgpMaLkxR3Z-nN1bDUcLlA,Agence Erasmus+ France / Education Formation,FR,4280,5422840,100,2026-01-09T04:50:27.579974,Day 2,54228.4,1266.7227283345012,8.361941906144946,15.506130405828554,4.61512051684126,0.2185169266653769,1
UCNbFgnDsoWTL4jG9LGoPE8A,France Éducation international,FR,10700,542571,100,2026-01-09T04:50:36.216512,Day 2,5425.71,50.70283151107373,9.278092474027002,13.204076074484387,4.61512051684126,0.23466781764095798,1
UCfv7zCHjb36k-itCJR9FGJw,Life style and Culture in france,FR,170,158373,100,2026-01-09T04:50:39.121403,Day 2,1583.73,926.1578947368421,5.14166355650266,11.972714603475644,4.61512051684126,0.1350107714640311,0
UChodbgdDz8VMZDNjY1tU9iA,Culture de France,FR,422,60573,23,2026-01-09T04:50:41.873571,Day 2,2633.608695652174,143.19858156028369,6.0473721790462776,11.011621037087874,3.1780538303479458,0.15355928664541074,0
UCTiOb0psCpXfbNyY_rZTiJA,Ina French Style,FR,12500,4779120,95,2026-01-09T04:50:43.578048,Day 2,50306.52631578947,382.2990160787137,9.433563920090563,15.379767196344186,4.564348191467836,0.24066825899641828,1
UCd5DKToXYTKAQ6khzewww2g,France Culture,FR,836000,168701119,100,2026-01-09T04:50:47.728502,Day 2,1687011.19,201.79535550794796,13.636385088238372,18.94363918649831,4.61512051684126,0.3544922357514598,1
UCeLnsoEsuM4rWzzCU9RIlPQ,Notre Histoire,FR,832000,69466058,100,2026-01-09T04:50:52.984793,Day 2,694660.58,83.49275782120455,13.631588921725701,18.056348831536347,4.61512051684126,0.34846377200381695,1
UCsPb1p5D8sBPEyi6xfOIHFw,Csak egy magyar youtuber,HU,22,1560,100,2026-01-09T04:51:55.396719,Day 3,15.6,67.82608695652173,3.1354942159291497,7.353081920515432,4.61512051684126,0.07957606529875628,0
UCzzjSjluEH1OB4_teRG3ZSg,Magyar gamer,HU,69,81460,100,2026-01-09T04:52:00.514719,Day 3,814.6,1163.7142857142858,4.248495242049359,11.307879657090718,4.61512051684126,0.11376103180075575,0
UCw0hMF4Q8FWQNwVkChcaDeg,Magyar Gamer Róka,HU,16,1651,45,2026-01-09T04:52:08.407824,Day 3,36.68888888888889,97.11764705882354,2.833213344056216,7.409741954080923,3.828641396489095,0.07210292917245513,0
UCiRNNyNeiuE1elWuMqQ4gjA,Magyar Barbara,HU,181000,56921630,100,2026-01-09T04:52:11.574106,Day 3,569216.3,314.4824061745515,12.10625783509458,17.85718598502698,4.61512051684126,0.3105497820961761,1
UCZFZ4K5mviNgA3WhzIQgxHw,Magyar Viktor Stream,HU,1930,115081,100,2026-01-09T04:52:16.077729,Day 3,1150.81,59.59658208182289,7.565793282428515,11.653400196728928,4.61512051684126,0.19144289889704588,0
UCqkckauKO343ENoOIug1b3w,Magyar Streamer Bajnokság,HU,6950,396361,50,2026-01-09T04:52:18.332654,Day 3,7927.22,57.022155085599195,8.846640813100485,12.890083214077958,3.9318256327243257,0.2238178631127304,0
UCkAagxfNBNzR2BOAjNn0v7w,Magyar Tech Tippek,HU,662,273147,58,2026-01-09T04:52:23.721013,Day 3,4709.431034482759,411.9864253393665,6.4967749901858625,12.5177690518128,4.07753744390572,0.16640995597733454,0
UCR1vscz1XcHisNX4PuVI61A,TotoFPV Tech,HU,7040,1499566,100,2026-01-09T04:52:27.468043,Day 3,14995.66,212.9762817781565,8.859505484519133,14.22068695773353,4.61512051684126,0.2250436245677065,1
UCby2VTDvXnseL6Nz8aTFe0Q,Magyar Pedagógiai Társaság,HU,194,9103,69,2026-01-09T04:52:34.782484,Day 3,131.92753623188406,46.68205128205128,5.272999558563747,9.116469156366112,4.248495242049359,0.1334515754831112,0
UCSeQPRgxVTBli2vLpiF0KcQ,Elit Oktatás,HU,7850,1486563,100,2026-01-09T04:52:36.616905,Day 3,14865.63,189.34696217042415,8.968396191198256,14.211977974647539,4.61512051684126,0.22766262551832117,1
UCpDsIDH22SGRxDWEFi7fUoA,Távoktatás magyar nyelven,HU,16000,5496870,100,2026-01-09T04:52:39.877648,Day 3,54968.7,343.5329041934879,9.680406499268875,15.51968957922161,4.61512051684126,0.2467133956282314,1
UC05VBlJEqK5dlRqyS1qfXng,Luxemburger Landwirtschaft,LU,15300,4148815,100,2026-01-09T04:52:51.055998,Day 4,41488.15,271.1466570812365,9.635673464721814,15.23833355029593,4.61512051684126,0.24511137243035877,1
UCh3MNRzicd8Yb_EX3Ml2JNA,Luxemburger Wort,LU,5540,3300991,100,2026-01-09T04:52:52.634990,Day 4,33009.91,595.7392167478795,8.61993026886735,15.009733587324366,4.61512051684126,0.22120652153786255,1
UCQ06napTcxCkFFuhxCyUNLw,Luxembourg Tech School,LU,458,18818,52,2026-01-09T04:52:55.687474,Day 4,361.88461538461536,40.99782135076253,6.129050210060545,9.842622276764853,3.970291913552122,0.1550445892404486,0
UCXktNUh9ufLbUJaGLE0OaFg,POST Telecom for Business,LU,202,213396,86,2026-01-09T04:52:58.852472,Day 4,2481.3488372093025,1051.2118226600985,5.313205979041787,12.270909559644132,4.465908118654584,0.1400408950409774,0
UCXUw95zJeXe65CVZfuJnNLQ,Luxembourg School of Business,LU,1060,142506,100,2026-01-09T04:53:00.726480,Day 4,1425.06,134.3129123468426,6.966967138613983,11.867146400291373,4.61512051684126,0.1767320493693461,0
UCxvacbxqQlbqlVcQ1anTp7A,The Luxembourg Mind,LU,89,4447,22,2026-01-09T04:53:02.937202,Day 4,202.13636363636363,49.41111111111111,4.499809670330265,8.400209835930418,3.1354942159291497,0.11393679734071369,0
UCS_fIfH_vvajsGwjIWp_3RA,Luxembourg American Cultural Society,LU,267,34176,73,2026-01-09T04:53:14.898998,Day 4,468.16438356164383,127.5223880597015,5.5909869805108565,10.439308182191418,4.30406509320417,0.14193305415208404,0
UC9a5bGGzgZNulmiEqZJ7VOw,Kulturministère - Ministère de la Culture,LU,178,14838,64,2026-01-09T04:53:16.328104,Day 4,231.84375,82.89385474860335,5.187385805840755,9.605014129006127,4.174387269895637,0.1314900347933007,0
UClyRIu_32S4O7ZCXrVhW8pw,CityNews Luxembourg,LU,35,2637,43,2026-01-09T04:53:20.388580,Day 4,61.325581395348834,73.25,3.58351893845611,7.87777633327726,3.784189633918261,0.0909231395359913,0
UCqT59rrNLw3cCeAcxs3bWqg,Deep Dive Culture,LU,57,6186,21,2026-01-09T04:53:21.424231,Day 4,294.57142857142856,106.65517241379311,4.060443010546419,8.73020559553099,3.091042453358316,0.103156094883671,0
UCuHFiBL6XuLnwYfYQ_81I-g,Philharmonie Luxembourg Education,LU,56,7089,76,2026-01-09T04:53:25.490991,Day 4,93.27631578947368,124.36842105263158,4.04305126783455,8.866440619526173,4.343805421853684,0.10281379012251332,0
UCrEMI7lYlpPqt4YnAsPSUBw,LUNEX,LU,764,1012996,100,2026-01-09T04:53:27.033837,Day 4,10129.96,1324.1777777777777,6.639875833826536,13.828423821725941,4.61512051684126,0.17510336888956723,1
UCIlxJm4xjcSGXqho8_ni7nw,Sacred Heart University Luxembourg,LU,260,31035,80,2026-01-09T04:53:28.620095,Day 4,387.9375,118.9080459770115,5.564520407322694,10.34290310001384,4.394449154672439,0.14121641073334407,0
UCKAOqIOsNoWLPXtu2024wnQ,"Ministère de l'Education nationale, de l'Enfance et de la Jeunesse",LU,2150,1734869,100,2026-01-09T04:53:30.100593,Day 4,17348.69,806.5406787540679,7.67368812926773,14.366443040601967,4.61512051684126,0.19838922980833132,1
UCmRVwvR-SggDuFipj6fbpxA,FHSE - University of Luxembourg,LU,29,3423,27,2026-01-09T04:53:31.133753,Day 4,126.77777777777777,114.1,3.4011973816621555,8.138564737261632,3.332204510175204,0.08654432018484695,0
UCkY-zyzXYL18XAHyZFSvdOg,Research Luxembourg,LU,392,85119,80,2026-01-09T04:53:33.769963,Day 4,1063.9875,216.58778625954199,5.973809611869261,11.351817304575471,4.394449154672439,0.15209913645780707,0
UCRm-DLbhzojKd10edotYxMg,France tv sport,FR,847000,293234392,100,2026-01-09T05:22:50.594268,FR Extended,2932343.92,346.20312372712664,13.649457154271039,19.496482823280218,4.61512051684126,0.36221326449207353,1
UCcMGbm0EYWh1SZZ8MsM75tw,NBA Extra - beIN SPORTS France,FR,267000,202799077,100,2026-01-09T05:22:54.282985,FR Extended,2027990.77,759.5442601338572,12.495007682693725,19.127726283319884,4.61512051684126,0.33055438272792703,1
UCYAzhARb2dwI3_R_72r8hbA,Sport en France,FR,25700,11815522,100,2026-01-09T05:22:56.230868,FR Extended,118155.22,459.7300494144197,10.154285180632154,16.284924733387303,4.61512051684126,0.25966098344468236,1
UCAbK-X3uoh2v9ytK4K0J3_Q,Prime Video Sport France,FR,289000,187847845,100,2026-01-09T05:22:58.278970,FR Extended,1878478.45,649.9902941512313,12.574185427296195,19.051142863322823,4.61512051684126,0.33115649786098816,1
UC6tfXl-HojYc-ZLFmydBYew,Urban Sports Club Youtube France,FR,29,456748,72,2026-01-09T05:22:59.776422,FR Extended,6343.722222222223,15224.933333333332,3.4011973816621555,13.031889284856357,4.290459441148391,0.17023411375371192,0
UCDC2Zp7rafjkcQEDkue5Q_A,Fitness France,FR,8680,2443269,31,2026-01-09T05:23:03.174481,FR Extended,78815.12903225806,281.4501785508582,9.068892008391808,14.708847863985648,3.4657359027997265,0.23104946147035688,0
UCbg9V-opO7wAtY3TsyQj6xg,LAROQ - Performance & fitness made in France,FR,5980,556269,100,2026-01-09T05:23:10.360627,FR Extended,5562.69,93.0060190603578,8.696343057044556,13.229009066872399,4.61512051684126,0.22020814197044947,1
UCEBZVSrsZ4Ri9Gdo-Kg_ZSA,Impulse Fitness France,FR,359,21247,24,2026-01-09T05:23:11.919514,FR Extended,885.2916666666666,59.019444444444446,5.886104031450156,9.96401805227616,3.2188758248682006,0.14901047355565905,0
UCyAWMoSeO_28np26pEDhHjA,Musique France,FR,27,12849,22,2026-01-09T05:23:19.262440,FR Extended,584.0454545454545,458.89285714285717,3.332204510175204,9.461099090323366,3.1354942159291497,0.08671287563202336,0
UCiPYZkZeNbYTQZKNMlB0Gsw,France Musique concerts,FR,449000,149789143,100,2026-01-09T05:23:25.076442,FR Extended,1497891.43,333.605366135042,13.014780393893403,18.824739156461373,4.61512051684126,0.3385196636425702,1
UCZbbMK4P4zGOSScFl2JYjrw,Ricch Rock France,FR,23,19365,21,2026-01-09T05:23:37.094799,FR Extended,922.1428571428571,806.875,3.1780538303479458,9.871274230171476,3.091042453358316,0.08474742774378718,0
UCqle_0s-bWl4hlh0Aki1PaA,Juste pour rire France,FR,2210,1869554,100,2026-01-09T05:23:38.561654,FR Extended,18695.54,845.5694255992763,7.701200180857446,14.441210992597474,4.61512051684126,0.1993073661785572,1
UCIu0n7M4CtS7u5mF-cEcCmQ,"Thérèse [musique & podcast ""T'as mal où ?""]",FR,3490,551108,65,2026-01-10T06:13:46.571903,FR Extended,8478.584615384616,157.86536808937268,8.157943507105037,13.219687890712393,4.189654742026425,0.20698303913718116,0
UCuIMj0tQ1iSti16M57eYdCA,Daily French Voyage,FR,2600,34867,51,2026-01-10T06:13:58.362226,FR Extended,683.6666666666666,13.405228758169935,7.8636512654486515,10.459324782131466,3.9512437185814275,0.19870839395141665,0
UCeIlHspLfJOEJ9zNJ9i2sLw,Voyage Voyages,FR,190000,26518188,100,2026-01-10T06:14:01.004956,FR Extended,265181.88,139.5686759543371,12.154784614286667,17.093341432865735,4.61512051684126,0.3091979655121887,1
UCVdppJ9ZzJZ0RdXZb2JiWvQ,France・Table & Voyage,FR,112000,22536495,100,2026-01-10T06:14:05.020183,FR Extended,225364.95,201.2169087776002,11.626263078808801,16.930646597525822,4.61512051684126,0.29597841866902636,1
UCWTVm3OHjy5XzM7uGcgj2ZQ,VoilaChef France,FR,5830,431772,100,2026-01-10T06:14:10.218689,FR Extended,4317.72,74.04767621334248,8.670943791222156,12.97565526615924,4.61512051684126,0.21945502654812896,1
UCAeOW_4pQp09UxsLco9C8eg,FRED'S KITCHEN FRANCE,FR,517,17705,36,2026-01-10T06:14:11.237978,FR Extended,491.80555555555554,34.17953667953668,6.249975242259483,9.781658844170995,3.6109179126442243,0.15806201464840708,0
UCCIssdEisy7g9seClPIlVWw,パリ Franceのマルシェから,FR,945,199642,37,2026-01-10T06:14:12.337974,FR Extended,5395.72972972973,211.03805496828753,6.852242569051878,12.204286050519329,3.6375861597263857,0.17427996702015736,0
UCcOReo1oswRWfozn6-4yCUg,Onacook France,FR,671,240046,61,2026-01-10T06:14:13.898747,FR Extended,3935.1803278688526,357.2113095238095,6.51025834052315,12.388590016484617,4.127134385045092,0.16644319131802912,0
UCdc26UC7BScMZ3-KPQzXI-w,Kumiko Recette,FR,68300,3039397,100,2026-01-10T06:14:15.543542,FR Extended,30393.97,44.50003660268517,11.131679686740132,14.927170027456816,4.61512051684126,0.2815860017629095,1
UC5LNcn7KW-LEJ6WH0mQxZvw,Lékué France,FR,2190,878310,100,2026-01-10T06:14:17.177889,FR Extended,8783.1,400.8717480602465,7.692113339595466,13.685756024021249,4.61512051684126,0.19656342966645726,1
UCe4fdqJ-ZGyRb5QhG6XxEEQ,MAGGI France,FR,17500,23870846,100,2026-01-10T06:14:19.844311,FR Extended,238708.46,1363.970401691332,9.770013301136158,16.988168481556443,4.61512051684126,0.25559867691287447,1
UCnPULrBLBeecfU8DUd6KV-A,Crêpes De France,FR,1720,375430,46,2026-01-10T06:14:20.966849,FR Extended,8161.521739130435,218.1464264962231,7.450660796211539,12.835829978307967,3.8501476017100584,0.1894496028432979,0
UCR5_BuOb9isp-AzKlmCJBHA,oklm beauty France ,FR,163,84812,26,2026-01-10T06:14:24.819160,FR Extended,3262.0,517.1463414634146,5.099866427824199,11.348204111917253,3.295836866004329,0.13169950915813944,0
UCp5qxZ_a7VLJmghuWnhU1DA,Shark Beauty France,FR,182,349216,58,2026-01-10T06:14:27.414884,FR Extended,6020.9655172413795,1908.2841530054645,5.209486152841421,12.763448784465941,4.07753744390572,0.14218467684919156,0
UCc_Ktyxy_xisRMA6QeHp3JA,Miss Small Beauty France,FR,256,31885,97,2026-01-10T06:14:33.973504,FR Extended,328.7113402061856,124.06614785992218,5.54907608489522,10.36992232096731,4.584967478670572,0.14085454040703516,0
UCGVsfXg7yxPR1SlenRFEA3g,NYX Professional Makeup France,FR,1420,8476243,33,2026-01-10T06:14:34.998638,FR Extended,256855.84848484848,5964.9845179451095,7.259116128097101,15.952777985119742,3.5263605246161616,0.21774337195066407,0
UCPJp24ZfQRC-BsAEAUA2SOw,Lr health and Beauty France 🇫🇷,FR,66,1864,34,2026-01-10T06:14:36.123331,FR Extended,54.8235294117647,27.82089552238806,4.204692619390966,7.5310163320779155,3.5553480614894135,0.10636203053250538,0
UCad2GYuUl4Lq_DXFGoFHvTA,M•A•C Cosmetics France,FR,15600,2265267,41,2026-01-10T06:14:38.113798,FR Extended,55250.41463414634,145.20011537721942,9.65509029374725,14.633203632195546,3.7376696182833684,0.24497740248977085,1
UCuq3vS88_FMLvwfHLYo9uqQ,Onorina Jomir Beauty,FR,237,118218,54,2026-01-10T06:14:39.674573,FR Extended,2189.222222222222,496.7142857142857,5.472270673671475,11.680294115536968,4.007333185232471,0.14098739644176028,0
UCkMpeewYv-dLGH3aITGL6_g,PassioneBeauty France,FR,22200,622420,100,2026-01-10T06:14:41.239598,FR Extended,6224.2,28.03567406873564,10.007892611890918,13.341371991637024,4.61512051684126,0.25298081598044664,1
UCc6Ruw7sv3cuzK116kP8aFg,LR Health & Beauty France,FR,16300,299111,100,2026-01-10T06:14:44.694243,FR Extended,2991.11,18.349242377768235,9.69898173460629,12.608573364174323,4.61512051684126,0.2451071957544228,1
UCmw3X2x6Qz7viYvQ332CfgA,French For A Day,FR,57800,9715369,100,2026-01-10T06:14:47.439985,FR Extended,97153.69,168.08306084669815,10.96476135554887,16.08921972550334,4.61512051684126,0.2784072887457863,1
UCCTK5p0axji2FH35tIyXvVg,Lashilé Beauty,FR,2230,37730609,87,2026-01-10T06:14:49.129918,FR Extended,433685.1609195402,16911.97176154191,7.7102051944325325,17.445982259315763,4.477336814478207,0.29067843397678905,1
UC_IMIBaSm-fJwUo5FWkASuA,Thisu Beauty,FR,170000,10872488,100,2026-01-10T06:14:50.655727,FR Extended,108724.88,63.955435556261435,12.04355959836804,16.201746211726586,4.61512051684126,0.3051417806401582,1
UCasdPe6dgBm7V22njfHPtSQ,SleepingBeauty,FR,454000,83276662,100,2026-01-10T06:14:52.325146,FR Extended,832766.62,183.42836689787026,13.025854679664231,18.237678911823604,4.61512051684126,0.3344475715124437,1
UCsTnqDJtq9yKrV6Iz4naBxg,Jaime French,FR,975000,141766745,100,2026-01-10T06:14:53.755664,FR Extended,1417667.45,145.40164061370194,13.790193775620484,18.76969363116058,4.61512051684126,0.3566395351141808,1
UCdt4Q1rFD5o54ivMhEKXXrw,DEFI - La Mode de France,FR,170,6439,44,2026-01-10T06:14:58.549097,FR Extended,146.3409090909091,37.654970760233915,5.14166355650266,8.770283819098399,3.8066624897703196,0.13008421647608817,0
UC6ePCMWyoVfnuiLSMaYk8Xw,MSA French,FR,2570000,928777433,100,2026-01-10T06:15:01.112134,FR Extended,9287774.33,361.3918566568651,14.759416845976386,20.649379692187175,4.61512051684126,0.4239725543967149,1
UCOKN9AQMvteVMw8p3u_eEiA,Sheikh sathi lifestyle France,FR,2010,151068,100,2026-01-10T06:15:05.411402,FR Extended,1510.68,75.12083540527101,7.606387389772652,11.925491965067923,4.61512051684126,0.19255612925553323,0
UCAAK78ZV_mLjeRTss0RAVgQ,Bangali meye in French lifestyle ,FR,7,7364,21,2026-01-10T06:15:06.677839,FR Extended,350.6666666666667,920.5,2.0794415416798357,8.90449432889673,3.091042453358316,0.05762324575619572,0
UCvgiXtydKvsB_5IkvpT1ruw,French Lifestyle,FR,1430,217759,100,2026-01-10T06:15:10.534378,FR Extended,2177.59,152.17260656883298,7.266128779556451,12.291148817885293,4.61512051684126,0.18439153015184637,0
UCARlR5PS-tjrVQjEp9gtp7A,Tamanna’s Kitchen & Lifestyle France,FR,1870,76717,100,2026-01-10T06:15:13.334074,FR Extended,767.17,41.00320684126136,7.534228326274089,11.247891640395833,4.61512051684126,0.19054062170335967,0
UC7JD1uMaZ8YmQ8CZRcmrZOA,Jahanara lifestyle france,FR,799,32700,100,2026-01-10T06:15:15.956008,FR Extended,327.0,40.875,6.684611727667927,10.39516093745751,4.61512051684126,0.1690768362589461,0
UCKwll_STvQ-lEoIkTllFwbQ,French Quarter Podcast,FR,76,1578,22,2026-01-10T06:15:18.426177,FR Extended,71.72727272727273,20.493506493506494,4.343805421853684,7.364547014255642,3.1354942159291497,0.10983545013183824,0
UC05lyXAvHybxNJ7ew1QJWeQ,Vegan Fighter France,FR,253,11380,49,2026-01-10T06:15:20.010097,FR Extended,232.24489795918367,44.803149606299215,5.537334267018537,9.33970057728189,3.912023005428146,0.14011862202728556,0
UC1ic1dluuNQXDC6Y3WUQE5g,Gay in Rural France - French Countryside Life,FR,1250,84880,41,2026-01-10T06:15:23.044576,FR Extended,2070.243902439024,67.84972022382094,7.1316985104669115,11.349005554556825,3.7376696182833684,0.18052851347959584,0
UCoL5D620hWk6AGg2ckmEedA,Wasi Gaming,FR,8190,4295050,100,2026-01-10T06:15:32.885764,FR Extended,42950.5,524.3621047491149,9.010791269515602,15.272973987602404,4.61512051684126,0.23073686321682735,1
UCemhZ2At2lgifTJLClGCz9A,Royalty Gaming,FR,7540000,1337543132,100,2026-01-10T06:15:37.549325,FR Extended,13375431.32,177.39296480199405,15.835732872610125,21.014100285186412,4.61512051684126,0.4717762883960105,3
UCrLLoMcIu5zd-xKKq56DvQA,Magyar Lelátó,HU,249,161226,97,2026-01-10T06:18:12.693619,HU Extended,1662.1237113402062,644.904,5.521460917862246,11.99056858882567,4.584967478670572,0.14304752995630332,0
UCbAVmvpnfD9hw4TcjQv5T6A,Magyar E-sport Szövetség,HU,569,118914,100,2026-01-10T06:18:14.545984,HU Extended,1189.14,208.62105263157895,6.345636360828596,11.686164231155798,4.61512051684126,0.1614477877846071,0
UCDdS20S8VYQIGPBFgsF8EIQ,Magyar Funkcionális Fitnesz Sportági Szakszövetség,HU,820,165420,61,2026-01-10T06:18:22.223427,HU Extended,2711.8032786885246,201.48599269183921,6.710523109452428,12.016249018445858,4.127134385045092,0.17063314050196293,0
UCY73URy5bOVv-CnVVk5kEqw,Fitness Gazo (-A Magyar Súlyzó-),HU,27,70205,24,2026-01-10T06:18:23.771296,HU Extended,2925.2083333333335,2507.3214285714284,3.332204510175204,11.159189056447014,3.2188758248682006,0.09806581699920158,0
UCoIr08oJ_ZQBrD556CXy44g,12 Tone Music,HU,702,185803,87,2026-01-10T06:18:30.408353,HU Extended,2135.6666666666665,264.3001422475107,6.555356891810665,12.132447633655437,4.477336814478207,0.1670584493340407,0
UCgt-776822U64MsQWzYKhLg,ablan star bebegim,HU,125,33522,51,2026-01-10T06:18:32.403382,HU Extended,657.2941176470588,266.04761904761904,4.836281906951478,10.419987049397923,3.9512437185814275,0.12363761686476062,0
UCNGwhP2s8X3gDvFuoIUS1XA,Magyar Zene Nyaralója,HU,533,34842,35,2026-01-10T06:18:37.701657,HU Extended,995.4857142857143,65.24719101123596,6.280395838960195,10.458607535181294,3.58351893845611,0.1590050817897208,0
UCQrzjaaIYQEf84ykq8NaGDQ,Magyar Zene,HU,68,27683,89,2026-01-10T06:18:40.825879,HU Extended,311.0449438202247,401.2028985507246,4.23410650459726,10.228609907961754,4.499809670330265,0.10917348638092611,0
UCJLUkSc_lHhqt3s3T_xJ9Og,Magyar Humor,HU,244,345147,67,2026-01-10T06:18:47.516807,HU Extended,5151.44776119403,1408.7632653061225,5.501258210544727,12.751728589532767,4.219507705176107,0.1467845840505511,0
UCBLzAzXpwNvWA4k0srNXDLw,"Izraelben utazás, csillag túrák magyarul.",HU,211,51363,75,2026-01-10T06:18:53.216591,HU Extended,684.84,242.27830188679246,5.356586274672012,10.846692816951165,4.330733340286331,0.13664871015216498,0
UClahDMl6xxUmUXjLX05cMig,Utazás BUSINESS CLASSban,HU,4060,2004762,45,2026-01-10T06:18:55.499013,HU Extended,44550.26666666667,493.6621521792662,8.309184527686298,14.511036407247328,3.828641396489095,0.21285325276096623,0
UCuKewzbrBO8jxfTqcxOJlMg,Belső utazás (The Journey Hungary),HU,4230,442683,36,2026-01-10T06:18:56.529386,HU Extended,12296.75,104.62845662963838,8.350193650720067,13.000611476210311,3.6109179126442243,0.21156462669853932,0
UCU9wH-8sMP4U7FvWCgxfSBw,Anibarátok Podcast,HU,1370,172610,100,2026-01-10T06:19:04.537024,HU Extended,1726.1,125.90080233406273,7.223295679562314,12.058795786771055,4.61512051684126,0.18316175860869421,0
UCIXZFMAenHVtzU8-uBCwgig,91. perc podcast,HU,202,14672,36,2026-01-10T06:19:05.754002,HU Extended,407.55555555555554,72.27586206896552,5.313205979041787,9.593764349207467,3.6109179126442243,0.13461031452975847,0
UCkmG-NI0Jdv_bkQLI8W-egg,"Trader Rock - Forex, Crypto, Tőzsde Podcast",HU,869,45942,62,2026-01-10T06:19:07.590500,HU Extended,741.0,52.80689655172414,6.76849321164863,10.735156776679537,4.143134726391533,0.1712638751691447,0
UCEO89s7gUXLb_fktpWATvCg,Chaos Boys Hungary - Field of Cards podcast,HU,643,20829,100,2026-01-10T06:19:09.184226,HU Extended,208.29,32.34316770186335,6.467698726104354,9.944149534255018,4.61512051684126,0.1635498967944271,0
UCdQ7sZblOBdtMdlzCalw0Gg,HUSZONEGY Bitcoin podcast,HU,1390,117958,100,2026-01-10T06:19:12.304659,HU Extended,1179.58,84.80086268871315,7.237778191923443,11.678092385443296,4.61512051684126,0.18329714623304424,0
UCBfVaxkSqXOmCX4pge_rbYw,Magyar Közöny Podcast,HU,36800,12521919,100,2026-01-10T06:19:13.942291,HU Extended,125219.19,340.2602918398957,10.513280297700861,16.342991266511195,4.61512051684126,0.26810493729447,1
UCKPl7ueGUlfr8ptmDUHsTXw,Trove Film Collective,HU,393,89490,22,2026-01-10T06:19:16.614072,HU Extended,4067.7272727272725,227.13197969543148,5.976350909297934,11.401893340547367,3.1354942159291497,0.15223760125110117,0
UC02vAg73aHlIZKRv5VHi5XA,SRAM,HU,232000,67655642,100,2026-01-10T06:19:18.152082,HU Extended,676556.42,291.61788957806215,12.354496960983985,18.02994132373641,4.61512051684126,0.31726168863665594,1
UCSfP-jQz3Uavo_U0HsBvW0w,Amélia jól szórakozik,HU,135000,81474383,100,2026-01-10T06:19:20.999849,HU Extended,814743.83,603.5094777075725,11.813037464800539,18.215799222057907,4.61512051684126,0.30604289062850415,1
UCgYDKYgzbevC2vPKjody36A, Poroszka Magyar Zsolt -  White Horse Film Hungary,HU,1970,623457,98,2026-01-10T06:19:23.730287,HU Extended,6361.806122448979,316.3150684931507,7.58629630715272,13.343036680165326,4.59511985013459,0.19340962245887627,1
UCKLt9uBNgQWqNPmNz1d13DQ,Feriha - Magyar Szinkron,HU,73200,59060955,100,2026-01-10T06:19:25.373218,HU Extended,590609.55,806.8326252373602,11.200964361058276,17.894080621077592,4.61512051684126,0.29052166579028693,1
UC9suVg32RQrE8xc03tGVhpg,Monster High Magyarország,HU,17400,7511348,100,2026-01-10T06:19:26.886077,HU Extended,75113.48,431.6618585138785,9.76428295481558,15.831925634773071,4.61512051684126,0.24942658328390444,1
UC3l7A_Tmg67-d23o6xGGAYw,Nemzeti Filmintézet,HU,37000,21928644,100,2026-01-10T06:19:28.653844,HU Extended,219286.44,592.6500364855004,10.518700218288165,16.903304330979445,4.61512051684126,0.27013701004770924,1
UCdF5tbS1rwI0njXu6KqZVDg,Rubicon Történelem,HU,17000,10388110,100,2026-01-10T06:19:34.623424,HU Extended,103881.1,611.0293512146344,9.741027444837728,16.156172537113925,4.61512051684126,0.24998444527982427,1
UC5Z5Ppn0bO2yu8hERumszJg,Magyar Krónikák,HU,70,13742,27,2026-01-10T06:19:35.651044,HU Extended,508.962962962963,193.54929577464787,4.2626798770413155,9.528284882554852,3.332204510175204,0.10874666227360813,0
UCeBwbM2QClZSb2DtZOvj-xw,MKUK - Magyar Kanizsai Udvari Kamaraszínház,HU,3170,1648444,100,2026-01-10T06:19:38.414797,HU Extended,16484.44,519.849889624724,8.061802274538348,14.315342977273406,4.61512051684126,0.20660097557331597,1
UCQQoH7zs8mhUj_-mr2bmIuw,Hungarian Mirror,HU,348,78517,51,2026-01-10T06:19:39.943896,HU Extended,1539.549019607843,224.97707736389685,5.855071922202427,11.271083176848476,3.9512437185814275,0.1491488640227177,0
UC1sYHahs2IM2kch4W6fzLeA,Der Legionär Magyar,HU,3790,801776,36,2026-01-10T06:19:40.966172,HU Extended,22271.555555555555,211.49459245581642,8.240385115516334,13.594585793321388,3.6109179126442243,0.2094353662460627,0
UCqmr440wjd89IjpZTViodgw,Travel Nature & Sports,LU,128,80097,100,2026-01-10T06:20:17.185250,LU Extended,800.97,620.9069767441861,4.859812404361672,11.29100616395571,4.61512051684126,0.12619732116531576,0
UCB8Yi7Y41jjduw5rqbSjmVQ,Luxembourg Sports Network,LU,235,80882,100,2026-01-10T06:20:18.860519,LU Extended,808.82,342.72033898305085,5.4638318050256105,11.300758944994593,4.61512051684126,0.13991438573730083,0
UCfcX-Yu12lg9MEbdWnylUfw,Rugby Club Luxembourg,LU,297,28762,100,2026-01-10T06:20:22.648350,LU Extended,287.62,96.51677852348993,5.697093486505405,10.266845117938724,4.61512051684126,0.14444062393482326,0
UCQfWz2od6Qwqqy6HKe3scyQ,Choeur de Chambre de Luxembourg,LU,729,99388,66,2026-01-10T06:20:28.638480,LU Extended,1505.878787878788,136.14794520547946,6.593044534142437,11.506796722537052,4.204692619390966,0.1672976018721901,0
UC3vK4MjWMXW5AFSfmGp-r1w,FlashGraphics Luxembourg,LU,40,40285,23,2026-01-10T06:20:29.657462,LU Extended,1751.5217391304348,982.560975609756,3.713572066704308,10.603759293038369,3.1780538303479458,0.09925128539733513,0
UCeKP0RIGioyPqLbWJN3uLig,Luxembourg for Tourism - Visit Luxembourg,LU,2160,2763407,53,2026-01-10T06:20:37.145328,LU Extended,52139.75471698113,1278.7630726515501,7.6783263565068856,14.831975258584956,3.9889840465642745,0.2013048591018287,0
UCcwrfqibbfMs2_AeORNns8Q,Inspirations Luxembourg,LU,7,1122,26,2026-01-10T06:20:41.248781,LU Extended,43.15384615384615,140.25,2.0794415416798357,7.023758954738443,3.295836866004329,0.053301982972662164,0
UCsf8IEoySHmUS97fghFB0-w,From Luxembourg with Loaf,LU,2430,179979,91,2026-01-10T06:20:45.248601,LU Extended,1977.7912087912089,74.03496503496504,7.796057974316123,12.100601012587939,4.5217885770490405,0.19734354184755454,0
UCcCXaVsJM2RODlP7lgHzLCA,Froothie Luxembourg,LU,10,2798,21,2026-01-10T06:20:46.233784,LU Extended,133.23809523809524,254.36363636363637,2.3978952727983707,7.937017489515454,3.091042453358316,0.061978145734759245,0
UCowt162yWmm9nN4ws2NPE-A,Ala Luxembourg Lo | అల లక్సెంబర్గ్ లో,LU,40900,1954303,86,2026-01-10T06:20:47.726953,LU Extended,22724.45348837209,47.78130119067993,10.61890979160975,14.485544677784738,4.465908118654584,0.26861135001736286,1
UCFiAg9TweXRelVUK14a-tDQ,Luxembourg Expo Pavilion,LU,180,41578,100,2026-01-10T06:20:50.219583,LU Extended,415.78,229.71270718232043,5.198497031265826,10.635350511098748,4.61512051684126,0.13258449182366008,0
UC75I_FyWuIYQtGWpqJ390RQ,Auchan Luxembourg,LU,498,220800,100,2026-01-10T06:20:51.830260,LU Extended,2208.0,442.48496993987976,6.212606095751519,12.30501712236033,4.61512051684126,0.15938764706522088,0
UCHOC6oZdQS9WXig8XkoiQIQ,Oberweis Luxembourg,LU,87,358948,23,2026-01-10T06:20:52.850833,LU Extended,15606.434782608696,4078.9545454545455,4.477336814478207,12.79093559609742,3.1780538303479458,0.13575911717295733,0
UCHbxi_wOuYBoA4Z8xShBbaA,Lisa,LU,18700,651531,30,2026-01-10T06:21:02.379510,LU Extended,21717.7,34.83936687877654,9.83633227734872,13.387081791762151,3.4339872044851463,0.24876698846730133,0
UCp6xJXowK2_xgcUDeXbMUBQ,Indian Mom in Europe Komal Vlogs,LU,291000,244643323,100,2026-01-10T06:21:04.327520,LU Extended,2446433.23,840.6958154782973,12.581081982573842,19.31531188736469,4.61512051684126,0.3353925894226176,1
UCyQlB9lKPZaYOYTTgKHd2yQ,Vaibhav KKM,LU,1650,203090,100,2026-01-10T06:21:06.163303,LU Extended,2030.9,123.01029678982435,7.409136443920128,12.221409433440385,4.61512051684126,0.1878415825636933,0
UCV-4dErRImDdXpr19XThX5A,Meghna Luxembourg Vlogs,LU,90,64343,91,2026-01-10T06:21:09.037284,LU Extended,707.065934065934,707.065934065934,4.51085950651685,11.071998968583905,4.5217885770490405,0.1178595026854498,0
UCAJ--pfstpJDPiF0vvTVfPg,YONZAN VLOG,LU,3630,320196,100,2026-01-10T06:21:11.694632,LU Extended,3201.96,88.18397135775268,8.197263371414335,12.676691710356575,4.61512051684126,0.20756253265856078,1
UCd0AHo2f0R2lE8bIJFPtyDw,The Escape Plans,LU,20400,1516628,100,2026-01-10T06:21:13.337954,LU Extended,15166.28,74.34086564384098,9.923339198238729,14.23200066678579,4.61512051684126,0.2511487382356188,1
UCjgk2oUNd8JqQK0ESPD1eAQ,Chill mam Will,LU,401,27741,48,2026-01-10T06:21:16.001968,LU Extended,577.9375,69.00746268656717,5.996452088619021,10.230702789323235,3.8918202981106265,0.151851460609073,0
UCwMT0Myv6iVkfMFrTNCFi5w,Lux Podcast,LU,367,6308,83,2026-01-10T06:21:19.685739,LU Extended,76.0,17.141304347826086,5.908082938168931,8.74973246437081,4.430816798843313,0.1493295159773357,0
UCN4z_Q4g7lehPev8RbtvFrQ,LuxUnplugged Podcast,LU,17,934,20,2026-01-10T06:21:20.708509,LU Extended,46.7,51.888888888888886,2.8903717578961645,6.840546529288687,3.044522437723423,0.0732963690614791,0
UCiSjeDnoYGEgBoQaCRGZP6w,FJU Luxembourg,LU,150,3752,88,2026-01-10T06:21:23.373279,LU Extended,42.63636363636363,24.8476821192053,5.017279836814924,8.23031079913502,4.48863636973214,0.12687091422044441,0
UCu6RfXoSMsrx-2BqsNw51kQ,PwC Luxembourg,LU,3390,910128,100,2026-01-10T06:21:24.996830,LU Extended,9101.28,268.39516366853434,8.128880142125638,13.72134162668804,4.61512051684126,0.206864131045516,1
UClTTzZ-WAkmPtIrLg63QP_Q,Anna Luxembourg,LU,147,18121,28,2026-01-10T06:21:28.634939,LU Extended,647.1785714285714,122.4391891891892,4.997212273764115,9.804881948782006,3.367295829986474,0.1269075087713682,0
UCvrczZI6roEIbB3UjWn2dmw,Powerlifting & Weightlifting Federation Luxembourg,LU,286,47973,39,2026-01-10T06:21:31.603466,LU Extended,1230.076923076923,167.15331010452962,5.659482215759621,10.778414476468976,3.6888794541139363,0.14388663606210222,0
UCXOhofakv-9CVnHBz5kAcxg,The Little Gym Luxembourg,LU,135,7635,48,2026-01-10T06:21:33.579727,LU Extended,159.0625,56.13970588235294,4.912654885736052,8.940629184845639,3.8918202981106265,0.12440201380549161,0
UCGS7se8MAlKgTa-2m8j3otw,Freelander's Sports Luxembourg,LU,13,111532,27,2026-01-10T06:21:34.635130,LU Extended,4130.814814814815,7966.571428571428,2.6390573296152584,11.622075790219128,3.332204510175204,0.11078737042522889,0
UCMUq-4a_kVH0vkwD5K4y-Mw,CMCM Luxembourg,LU,478,164681,87,2026-01-10T06:21:37.522571,LU Extended,1892.8850574712644,343.8016701461378,6.171700597410915,12.0117716205757,4.477336814478207,0.15780640133698912,0
UC1SKZOJmCk_Ti0GsjmNwSlQ,Parkinson: Recherche au Luxembourg,LU,2550,347112,71,2026-01-10T06:21:40.063942,LU Extended,4888.901408450704,136.06899255194043,7.844240718141811,12.757405654332045,4.276666119016055,0.19891944773208353,0
UCniF_6qm9oZVTqmcplUEgxw,Médecins du Monde Luxembourg,LU,35,2601053,22,2026-01-10T06:21:42.104315,LU Extended,118229.68181818182,72251.47222222222,3.58351893845611,14.771427305460952,3.1354942159291497,0.49114305929644647,2
UCMkW1LRzMgWMVznfC-SkoJw,CHL Luxembourg,LU,13500,6752498,98,2026-01-10T06:21:43.559225,LU Extended,68903.04081632652,500.1479890378491,9.510519035757246,15.725423216555598,4.59511985013459,0.24336296004505217,1
UCE93HevZEZ7ktdXlB8dBUBQ,MediNation Luxembourg,LU,51,5573,28,2026-01-10T06:21:45.661664,LU Extended,199.03571428571428,107.17307692307692,3.9512437185814275,8.625868208041894,3.367295829986474,0.10040015552526708,0
UCDwZjszkLe5yl4bOdt1N3Qg,Positive Psy Luxembourg,LU,5,426,23,2026-01-10T06:21:46.677581,LU Extended,18.52173913043478,71.0,1.791759469228055,6.056784013228625,3.1780538303479458,0.04565181304801572,0
UCjeYUk57LnupnYopI7jUP1A,Healthcareers Luxembourg,LU,122,68000,29,2026-01-10T06:21:47.697007,LU Extended,2344.8275862068967,552.8455284552846,4.812184355372417,11.127277689932466,3.4011973816621555,0.12462563687001928,0
UCLTS2f5ET33Snv36Mkxj8Qg,Healthcare Week Luxembourg ,LU,37,2484,65,2026-01-10T06:21:50.301032,LU Extended,38.215384615384615,65.36842105263158,3.6375861597263857,7.818027938530729,4.189654742026425,0.09224508484305032,0
UCXIbHs_8ShuLVdPYa0_wyag,Luxembourg Institute of Health,LU,463,330996,100,2026-01-10T06:21:51.839997,LU Extended,3309.96,713.3534482758621,6.139884552226255,12.709864590874018,4.61512051684126,0.15905616943984302,0
UCO81W2L6MzqL9KjTJ1ItbPw,Wolfs_Blue Luxemburg Gamer,LU,2,152,100,2026-01-10T06:21:57.366736,LU Extended,1.52,50.666666666666664,1.0986122886681098,5.030437921392435,4.61512051684126,0.02803072000008911,0
UC6oTEYr1Zdq6_7DXi_rt5rw,Christian Lavey - Magician - Video Creator - Fun,LU,3880,511333,100,2026-01-10T06:22:00.647810,LU Extended,5113.33,131.7528987374388,8.263848131368906,13.144778276021343,4.61512051684126,0.20949574281461877,1
UCP-PhaZQo-LRd2IPYscwHfw,BEYBLADE Français - Chaîne Officielle,FR,203000,121577441,100,2026-01-10T06:25:22.176394,Day 1,1215774.41,598.9006999965518,12.220966184120165,18.616062000418836,4.61512051684126,0.3184439777149376,1
UCpfXVjy3p5qfR_7EoKpQirQ,The Frustrated Gamer,FR,3430000,1978939873,100,2026-01-10T06:25:34.491780,Day 1,19789398.73,576.9502320844805,15.04807111068727,21.40582712109418,4.61512051684126,0.4880407083843329,3
UCY-_QmcW09PHAImgVnKxU2g,SQUEEZIE GAMING,FR,5060000,2699571091,100,2026-01-10T06:25:37.154677,Day 1,26995710.91,533.5119678830102,15.436877238892087,21.716358742523116,4.61512051684126,0.5357631634213975,3
UCL5ESZhd_srgWA8S8hItOYA,Ultima Gaming France ,FR,176,71999,100,2026-01-10T06:25:38.733981,Day 1,719.99,406.774011299435,5.176149732573829,11.184421397998193,4.61512051684126,0.13300187439531383,0
UCCGqIu9Zt8g8FHzjiGI0TPQ,Best Of Fortnite France,FR,97900,28495698,100,2026-01-10T06:25:43.910527,Day 1,284956.98,291.0664651025015,11.49171204297103,17.165263721569772,4.61512051684126,0.29339258842799065,1
UCtZ5Bnd2n6gLK9cafq2v-Ag,Le Recap Twitch,FR,854,141959,43,2026-01-10T06:25:45.047639,Day 1,3301.3720930232557,166.03391812865496,6.75110146893676,11.863300606760433,3.784189633918261,0.17146497270846153,0
UCB1Cqurd7BW1-BSySUuskrA,Stream Aura,FR,75500,148153785,100,2026-01-10T06:25:46.546380,Day 1,1481537.85,1962.275797671554,11.231901180182515,18.813761386837882,4.61512051684126,0.30241544918819974,1
UCKt3oZpLUMcUgzE0aksc6yA,Poneeey Live (Gaming Vlog),FR,7740,1644676,100,2026-01-10T06:25:48.120956,Day 1,16446.76,212.4629892778711,8.954286157204713,14.31305457031833,4.61512051684126,0.22744255960241952,1
UC8E7pcSu7l1h81VWDTRJABA,Baloo Live,FR,619000,125758896,100,2026-01-10T06:25:50.741181,Day 1,1257588.96,203.16428567966773,13.335862167174314,18.64987711593241,4.61512051684126,0.34463593779234103,1
UCtMRXRAmxPl_ck094KubPuQ,Magyar LoLTV,HU,25200,9274321,100,2026-01-10T06:27:09.611145,Day 3,92743.21,368.0140073806595,10.134638955251866,16.0427600640554,4.61512051684126,0.2585224707763198,1
UC4s-QoM2B_u6XdcC7xVv2VQ, Magyar Gamer CJ,HU,382,199455,100,2026-01-10T06:27:12.622635,Day 3,1994.55,520.7702349869452,5.948034989180646,12.203348939608578,4.61512051684126,0.15313703285740485,0
UCqZtuO-7F-PYCZjO9NEG6RQ,Magyar gamer,HU,67,35463,32,2026-01-10T06:27:13.777303,Day 3,1108.21875,521.5147058823529,4.219507705176107,10.47627337642489,3.4965075614664802,0.10947502237350022,0
UCCEaDNiKrPOq_T2gLZL3QMQ,luxembourg ball gaming !!1!,LU,152,37997,22,2026-01-10T06:28:24.136615,Day 4,1727.1363636363637,248.34640522875816,5.030437921392435,10.545288805744486,3.1354942159291497,0.12844953239107576,0
